# a100-run-manifest.csv — per-leg A100 run manifest (S1, DMR-078). Generated by scripts/build_a100_manifest.py.
# NOTE (provenance): run_id values are the staged job-record ids, truncated to ~62 chars where the source id was longer (job filenames are capped at 64 chars); the full id is the run_store directory name.
# NOTE (blanks): an empty field means NO per-A100-leg source exists in the staged inputs (e.g. score, dataset_fingerprint) — blanks are source-less, NOT zeros.
# NOTE (cost caveat): gpu_cost_usd/cost_per_doc are the A100-Research-Report.md base-matrix basis. A cost-bearing leg whose own job record shows more errors than the report's stated A100 total (4 errors / 4,882 docs) carries an UNVERIFIED source leg — see that row's `notes` (e.g. run_id=qwen3-8b-a100-contract-a100-1x-contract-150, 53 errors).
run_id,gpu,doc_class,n,driver_or_runner,config_spec,run_dir,score,errors,gpu_cost_usd,cost_per_doc,dataset_fingerprint,notes
qwen3-8b-a100-contract-a100-1x-contract-150,1x,contract,150,scripts/run_a100_matrix.py,a100_1x_allclass.yaml,qwen3-8b-a100-contract-a100-1x-contract-150,,53,0.774000,0.005160,,"cost from A100-Research-Report.md (GPU $0.516/100 docs x n=150/100); COST CAVEAT: gpu_cost_usd/cost_per_doc are the A100 report basis only; source leg UNVERIFIED — this leg's job record shows 53 errors, so it is likely not the report's clean source leg"
qwen3-8b-a100-contract-a100-2x-contract-150,2x,contract,150,scripts/run_a100_matrix.py,a100_2x_allclass.yaml,qwen3-8b-a100-contract-a100-2x-contract-150,,8,1.035000,0.006900,,"cost from A100-Research-Report.md (GPU $0.690/100 docs x n=150/100); COST CAVEAT: gpu_cost_usd/cost_per_doc are the A100 report basis only; source leg UNVERIFIED — this leg's job record shows 8 errors, so it is likely not the report's clean source leg"
qwen3-8b-a100-corporate_record-a100-1x-corporate_record-300,1x,corporate_record,300,scripts/run_a100_matrix.py,a100_1x_allclass.yaml,qwen3-8b-a100-corporate_record-a100-1x-corporate_record-300,,0,0.489000,0.001630,,cost from A100-Research-Report.md (GPU $0.163/100 docs x n=300/100)
qwen3-8b-a100-corporate_record-a100-2x-corporate_record-300,2x,corporate_record,300,scripts/run_a100_matrix.py,a100_2x_allclass.yaml,qwen3-8b-a100-corporate_record-a100-2x-corporate_record-300,,0,0.510000,0.001700,,cost from A100-Research-Report.md (GPU $0.170/100 docs x n=300/100)
qwen3-8b-a100-correspondence-a100-1x-correspondence-300,1x,correspondence,300,scripts/run_a100_matrix.py,a100_1x_allclass.yaml,qwen3-8b-a100-correspondence-a100-1x-correspondence-300,,0,0.564000,0.001880,,cost from A100-Research-Report.md (GPU $0.188/100 docs x n=300/100)
qwen3-8b-a100-correspondence-a100-2x-correspondence-300,2x,correspondence,300,scripts/run_a100_matrix.py,a100_2x_allclass.yaml,qwen3-8b-a100-correspondence-a100-2x-correspondence-300,,0,0.657000,0.002190,,cost from A100-Research-Report.md (GPU $0.219/100 docs x n=300/100)
qwen3-8b-a100-insurance_claim-a100-1x-insurance_claim-300,1x,insurance_claim,300,scripts/run_a100_matrix.py,a100_1x_allclass.yaml,qwen3-8b-a100-insurance_claim-a100-1x-insurance_claim-300,,0,0.711000,0.002370,,cost from A100-Research-Report.md (GPU $0.237/100 docs x n=300/100)
qwen3-8b-a100-insurance_claim-a100-2x-insurance_claim-300,2x,insurance_claim,300,scripts/run_a100_matrix.py,a100_2x_allclass.yaml,qwen3-8b-a100-insurance_claim-a100-2x-insurance_claim-300,,0,0.819000,0.002730,,cost from A100-Research-Report.md (GPU $0.273/100 docs x n=300/100)
qwen3-8b-a100-merger-a100-1x-merger-100,1x,merger,100,scripts/run_a100_matrix.py,a100_1x_allclass.yaml,qwen3-8b-a100-merger-a100-1x-merger-100,,1,0.400000,0.004000,,cost from A100-Research-Report.md (GPU $0.400/100 docs x n=100/100)
qwen3-8b-a100-merger-a100-2x-merger-100,2x,merger,100,scripts/run_a100_matrix.py,a100_2x_allclass.yaml,qwen3-8b-a100-merger-a100-2x-merger-100,,0,0.548000,0.005480,,cost from A100-Research-Report.md (GPU $0.548/100 docs x n=100/100)
qwen3-8b-a100-v2-contract-a100-v2-1x-contract-200,1x,contract,200,scripts/run_a100_v2.py,a100_v2_1x_allclass.yaml,qwen3-8b-a100-v2-contract-a100-v2-1x-contract-200,,56,,,,no per-leg score/fingerprint/cost source in inputs; done=159/total=200
qwen3-8b-a100-v2-corporate_record-a100-v2-1x-corporate_record-40,1x,corporate_record,400,scripts/run_a100_v2.py,a100_v2_1x_allclass.yaml,qwen3-8b-a100-v2-corporate_record-a100-v2-1x-corporate_record-40,,0,,,,no per-leg score/fingerprint/cost source in inputs
qwen3-8b-a100-v2-correspondence-a100-v2-1x-correspondence-400,1x,correspondence,400,scripts/run_a100_v2.py,a100_v2_1x_allclass.yaml,qwen3-8b-a100-v2-correspondence-a100-v2-1x-correspondence-400,,0,,,,no per-leg score/fingerprint/cost source in inputs
qwen3-8b-a100-v2-insurance_claim-a100-v2-1x-insurance_claim-400,1x,insurance_claim,400,scripts/run_a100_v2.py,a100_v2_1x_allclass.yaml,qwen3-8b-a100-v2-insurance_claim-a100-v2-1x-insurance_claim-400,,0,,,,no per-leg score/fingerprint/cost source in inputs
qwen3-8b-a100-v3-contract,,contract,200,scripts/run_a100_v3_finish.py,a100_v3_extract_contract.yaml,qwen3-8b-a100-v3-contract,,1,,,,gpu not encoded in run_id; no per-leg score/fingerprint/cost source in inputs
qwen3-8b-a100-v3-contract-150-a100-v3-contract-150-1x,1x,contract,150,,,qwen3-8b-a100-v3-contract-150-a100-v3-contract-150-1x,,0,,,,no per-leg score/fingerprint/cost source in inputs; runner not identified in inputs
qwen3-8b-a100-v3-contract-150-a100-v3-contract-150-2x,2x,contract,150,,,qwen3-8b-a100-v3-contract-150-a100-v3-contract-150-2x,,1,,,,no per-leg score/fingerprint/cost source in inputs; runner not identified in inputs
qwen3-8b-a100-v3-merger,,merger,130,scripts/run_a100_v3_finish.py,a100_v3_extract_merger.yaml,qwen3-8b-a100-v3-merger,,1,,,,gpu not encoded in run_id; no per-leg score/fingerprint/cost source in inputs
qwen3-8b-batchtest-a100-corporate_record,,corporate_record,32,,,qwen3-8b-batchtest-a100-corporate_record,,0,,,,gpu not encoded in run_id; no per-leg score/fingerprint/cost source in inputs; done=19/total=32; runner not identified in inputs
qwen3-8b-batchtest-a100-corporate_records-20,,corporate_record,20,,,qwen3-8b-batchtest-a100-corporate_records-20,,0,,,,gpu not encoded in run_id; no per-leg score/fingerprint/cost source in inputs; runner not identified in inputs
qwen3-8b-graphs-a100-corporate_record,,corporate_record,32,,,qwen3-8b-graphs-a100-corporate_record,,0,,,,gpu not encoded in run_id; no per-leg score/fingerprint/cost source in inputs; done=2/total=32; runner not identified in inputs
qwen3-8b-graphs-a100-corporate_records-100,,corporate_record,100,,,qwen3-8b-graphs-a100-corporate_records-100,,0,,,,gpu not encoded in run_id; no per-leg score/fingerprint/cost source in inputs; runner not identified in inputs
qwen3-8b-graphs-a100-corporate_records-300,,corporate_record,300,,,qwen3-8b-graphs-a100-corporate_records-300,,0,,,,gpu not encoded in run_id; no per-leg score/fingerprint/cost source in inputs; runner not identified in inputs
qwen3-8b-modal-corporate-records-a100-1x-corp-20,1x,,20,,,qwen3-8b-modal-corporate-records-a100-1x-corp-20,,0,,,,no per-leg score/fingerprint/cost source in inputs; runner not identified in inputs
qwen3-8b-modal-corporate-records-a100-1x-corp-50,1x,,47,,,qwen3-8b-modal-corporate-records-a100-1x-corp-50,,0,,,,no per-leg score/fingerprint/cost source in inputs; runner not identified in inputs
qwen3-8b-modal-corporate-records-a100-2x-corp-20,2x,,20,,,qwen3-8b-modal-corporate-records-a100-2x-corp-20,,0,,,,no per-leg score/fingerprint/cost source in inputs; runner not identified in inputs
qwen3-8b-modal-corporate-records-a100-2x-corp-50,2x,,47,,,qwen3-8b-modal-corporate-records-a100-2x-corp-50,,0,,,,no per-leg score/fingerprint/cost source in inputs; runner not identified in inputs
qwen3-8b-oneshot-contract-a100-oneshot-a100-contract-24,,contract,24,,,qwen3-8b-oneshot-contract-a100-oneshot-a100-contract-24,,0,,,,gpu not encoded in run_id; no per-leg score/fingerprint/cost source in inputs; runner not identified in inputs
qwen3-8b-oneshot-corporate_record-a100-oneshot-a100-corporate_re,,corporate_record,32,,,qwen3-8b-oneshot-corporate_record-a100-oneshot-a100-corporate_re,,0,,,,gpu not encoded in run_id; no per-leg score/fingerprint/cost source in inputs; runner not identified in inputs
qwen3-8b-oneshot-correspondence-a100-oneshot-a100-correspondence,,correspondence,64,,,qwen3-8b-oneshot-correspondence-a100-oneshot-a100-correspondence,,0,,,,gpu not encoded in run_id; no per-leg score/fingerprint/cost source in inputs; runner not identified in inputs
qwen3-8b-oneshot-insurance_claim-a100-oneshot-a100-insurance_cla,,insurance_claim,64,,,qwen3-8b-oneshot-insurance_claim-a100-oneshot-a100-insurance_cla,,0,,,,gpu not encoded in run_id; no per-leg score/fingerprint/cost source in inputs; runner not identified in inputs
qwen3-8b-oneshot-merger-a100-oneshot-a100-merger-8,,merger,8,,,qwen3-8b-oneshot-merger-a100-oneshot-a100-merger-8,,0,,,,gpu not encoded in run_id; no per-leg score/fingerprint/cost source in inputs; runner not identified in inputs
